USE [Cabs]
GO
/****** Object:  UserDefinedFunction [dbo].[FNTOTALPAGECOUNT]    Script Date: 12/06/2016 21:18:09 ******/
SET ANSI_NULLS ON
GO
SET QUOTED_IDENTIFIER ON
GO
-- =============================================
-- FIND THE TOTAL NUMBER OF PAGES RETURNED FOR BATCH QUERY
-- USED IN SPS WHERE RECORDS ARE RETURNED IN BATCHES
-- =============================================
CREATE FUNCTION [dbo].[FNTOTALPAGECOUNT]
(
	@RESULTCOUNT INT,
	@PAGESIZE INT
)
RETURNS INT
WITH RETURNS NULL ON NULL INPUT
--,ENCRYPTION
AS
BEGIN
	RETURN CEILING(CONVERT(REAL,@RESULTCOUNT) / @PAGESIZE)
END
GO
/****** Object:  UserDefinedFunction [dbo].[FNROWTO]    Script Date: 12/06/2016 21:18:09 ******/
SET ANSI_NULLS ON
GO
SET QUOTED_IDENTIFIER ON
GO
-- =============================================
-- FIND THE ENDING ROW UNTIL WHICH THE RECORDS HAS TO BE RETURNED
-- USED IN QUERIES WHERE RECORDS ARE RETURNED IN BATCHES
-- =============================================
CREATE FUNCTION [dbo].[FNROWTO]
(
	@PAGENUMBER INT,
	@PAGESIZE INT
)
RETURNS BIGINT
WITH RETURNS NULL ON NULL INPUT
--,ENCRYPTION
AS
BEGIN
	RETURN (@PAGENUMBER * @PAGESIZE)
END
GO
/****** Object:  UserDefinedFunction [dbo].[FNROWFROM]    Script Date: 12/06/2016 21:18:09 ******/
SET ANSI_NULLS ON
GO
SET QUOTED_IDENTIFIER ON
GO
-- =============================================
-- FIND THE STARTING ROW FROM WHICH THE RECORDS HAS TO BE RETURNED
-- USED IN QUERIES WHERE RECORDS ARE RETURNED IN BATCHES
-- =============================================
CREATE FUNCTION [dbo].[FNROWFROM]
(
	@PAGENUMBER INT,
	@PAGESIZE INT
)
RETURNS BIGINT
WITH RETURNS NULL ON NULL INPUT
--,ENCRYPTION
AS
BEGIN
	RETURN (@PAGENUMBER * @PAGESIZE) - @PAGESIZE + 1
END
GO
/****** Object:  UserDefinedFunction [dbo].[FNCSV2TABLEVARCHAR]    Script Date: 12/06/2016 21:18:09 ******/
SET ANSI_NULLS ON
GO
SET QUOTED_IDENTIFIER ON
GO
-- =============================================
-- RETURN A TABLE FROM A CSV STRING
-- =============================================
CREATE FUNCTION [dbo].[FNCSV2TABLEVARCHAR]
(
	@CSV NVARCHAR(MAX)
)
RETURNS @TABLE TABLE (FLDITEM NVARCHAR(MAX), FLDROW BIGINT IDENTITY(1,1))
--WITH ENCRYPTION
AS
BEGIN
	IF LEN(ISNULL(@CSV,''))>0
	BEGIN
		WITH CTECSV2TABLE(FLDITEM,FLDCSV)
		AS
		(
			SELECT LTRIM(RTRIM(SUBSTRING(@CSV,2,CHARINDEX(',',@CSV,2)-2))),
				LTRIM(RTRIM(SUBSTRING(@CSV,CHARINDEX(',',@CSV,2)+1,LEN(@CSV))))
			UNION ALL
			SELECT LTRIM(RTRIM(SUBSTRING(FLDCSV,1,CHARINDEX(',',FLDCSV,0)-1))),
				LTRIM(RTRIM(SUBSTRING(FLDCSV,CHARINDEX(',',FLDCSV,0)+1,LEN(FLDCSV))))
			FROM CTECSV2TABLE
			WHERE CHARINDEX(',',FLDCSV,0) > 0
		)

		INSERT INTO @TABLE(FLDITEM)
		SELECT FLDITEM
		FROM CTECSV2TABLE
		OPTION (MAXRECURSION 0)
	END
	
	RETURN
END
GO
/****** Object:  Table [dbo].[TBLSCHEDULETRAVEL]    Script Date: 12/06/2016 21:18:09 ******/
SET ANSI_NULLS ON
GO
SET QUOTED_IDENTIFIER ON
GO
SET ANSI_PADDING ON
GO
CREATE TABLE [dbo].[TBLSCHEDULETRAVEL](
	[FLDSCHEDULETRAVELID] [uniqueidentifier] NULL,
	[FLDTRAVELDATE] [datetime] NULL,
	[FLDTRAVELSTARTTIME] [datetime] NULL,
	[FLDFROMLOCATION] [varchar](100) NULL,
	[FLDTOLOCATION] [varchar](100) NULL,
	[FLDOUTTIME] [datetime] NULL,
	[FLDINTIME] [datetime] NULL,
	[FLDISTRAVELCOMPLETED] [int] NULL,
	[FLDISTRAVELCANCELLED] [int] NULL,
	[FLDREMARKS] [nvarchar](max) NULL,
	[FLDKMTRAVELLED] [int] NULL,
	[FLDCARID] [uniqueidentifier] NULL,
	[FLDCREATEDUSERID] [uniqueidentifier] NULL,
	[FLDCREATEDATE] [datetime] NULL,
	[FLDMODIFIEDUSERID] [uniqueidentifier] NULL,
	[FLDMODIFIEDDATE] [datetime] NULL,
	[FLDDRIVERNAME] [varchar](100) NULL,
	[FLDDRIVERCONTACTNO] [varchar](100) NULL
) ON [PRIMARY]
GO
SET ANSI_PADDING OFF
GO
INSERT [dbo].[TBLSCHEDULETRAVEL] ([FLDSCHEDULETRAVELID], [FLDTRAVELDATE], [FLDTRAVELSTARTTIME], [FLDFROMLOCATION], [FLDTOLOCATION], [FLDOUTTIME], [FLDINTIME], [FLDISTRAVELCOMPLETED], [FLDISTRAVELCANCELLED], [FLDREMARKS], [FLDKMTRAVELLED], [FLDCARID], [FLDCREATEDUSERID], [FLDCREATEDATE], [FLDMODIFIEDUSERID], [FLDMODIFIEDDATE], [FLDDRIVERNAME], [FLDDRIVERCONTACTNO]) VALUES (N'b178ba97-4021-4579-a9e2-fc04dfdc793f', CAST(0x0000A6B500000000 AS DateTime), CAST(0x0000A6B5017B0740 AS DateTime), N'Chennai', N'Singapure s', CAST(0x0000A69800D8EB95 AS DateTime), CAST(0x0000A69800D8EB95 AS DateTime), NULL, NULL, N'Testing', 30, N'9cbe5df8-d684-4171-8c28-d37286f6021b', NULL, NULL, N'00000000-0000-0000-0000-000000000000', CAST(0x0000A6D400DDBBCF AS DateTime), N'MST', N'9629478208')
INSERT [dbo].[TBLSCHEDULETRAVEL] ([FLDSCHEDULETRAVELID], [FLDTRAVELDATE], [FLDTRAVELSTARTTIME], [FLDFROMLOCATION], [FLDTOLOCATION], [FLDOUTTIME], [FLDINTIME], [FLDISTRAVELCOMPLETED], [FLDISTRAVELCANCELLED], [FLDREMARKS], [FLDKMTRAVELLED], [FLDCARID], [FLDCREATEDUSERID], [FLDCREATEDATE], [FLDMODIFIEDUSERID], [FLDMODIFIEDDATE], [FLDDRIVERNAME], [FLDDRIVERCONTACTNO]) VALUES (N'1c7a7887-654d-4df2-8763-6596acd00d69', CAST(0x0000A6B500000000 AS DateTime), CAST(0x0000A6B5017B0740 AS DateTime), N'Chennai', N'Australia', NULL, NULL, NULL, NULL, N'Testing', NULL, N'9cbe5df8-d684-4171-8c28-d37286f6021b', N'e28d5ce4-bd57-4863-9318-57fe8978e72f', CAST(0x0000A69200A78BE3 AS DateTime), N'00000000-0000-0000-0000-000000000000', CAST(0x0000A6D400DD970E AS DateTime), N't1', N'5')
INSERT [dbo].[TBLSCHEDULETRAVEL] ([FLDSCHEDULETRAVELID], [FLDTRAVELDATE], [FLDTRAVELSTARTTIME], [FLDFROMLOCATION], [FLDTOLOCATION], [FLDOUTTIME], [FLDINTIME], [FLDISTRAVELCOMPLETED], [FLDISTRAVELCANCELLED], [FLDREMARKS], [FLDKMTRAVELLED], [FLDCARID], [FLDCREATEDUSERID], [FLDCREATEDATE], [FLDMODIFIEDUSERID], [FLDMODIFIEDDATE], [FLDDRIVERNAME], [FLDDRIVERCONTACTNO]) VALUES (N'65a322e5-a5b9-4ddf-be76-054fe488d137', CAST(0x0000A6B500000000 AS DateTime), CAST(0x0000A6B500C5C100 AS DateTime), N'Chennai', N'Tirunelveli', NULL, NULL, NULL, NULL, N'RE....', NULL, N'774b2995-2b8e-4c02-99b2-77a06e9f8714', N'e28d5ce4-bd57-4863-9318-57fe8978e72f', CAST(0x0000A69500899654 AS DateTime), N'00000000-0000-0000-0000-000000000000', CAST(0x0000A6CD017B79B3 AS DateTime), N'MST', N'9629478208')
INSERT [dbo].[TBLSCHEDULETRAVEL] ([FLDSCHEDULETRAVELID], [FLDTRAVELDATE], [FLDTRAVELSTARTTIME], [FLDFROMLOCATION], [FLDTOLOCATION], [FLDOUTTIME], [FLDINTIME], [FLDISTRAVELCOMPLETED], [FLDISTRAVELCANCELLED], [FLDREMARKS], [FLDKMTRAVELLED], [FLDCARID], [FLDCREATEDUSERID], [FLDCREATEDATE], [FLDMODIFIEDUSERID], [FLDMODIFIEDDATE], [FLDDRIVERNAME], [FLDDRIVERCONTACTNO]) VALUES (N'7045fee8-c050-4156-97a7-cd43dc7defc0', CAST(0x0000A6B500000000 AS DateTime), CAST(0x0000A6B5010FE960 AS DateTime), N'chennai', N'madurai', NULL, NULL, NULL, NULL, N'test', NULL, N'285cc227-b282-427d-99bf-baaac772960f', N'00000000-0000-0000-0000-000000000000', CAST(0x0000A6B500B99053 AS DateTime), N'00000000-0000-0000-0000-000000000000', CAST(0x0000A6B50114F05F AS DateTime), N'sdg', N'9628')
/****** Object:  Table [dbo].[TBLREPORTS]    Script Date: 12/06/2016 21:18:09 ******/
SET ANSI_NULLS ON
GO
SET QUOTED_IDENTIFIER ON
GO
SET ANSI_PADDING ON
GO
CREATE TABLE [dbo].[TBLREPORTS](
	[FLDREPORTID] [bigint] IDENTITY(1,1) NOT NULL,
	[FLDREPORTNAME] [varchar](200) NULL,
	[FLDREPORTFILENAME] [varchar](200) NULL,
	[FLDREPORTTYPE] [varchar](20) NULL,
	[FLDREPORTPATH] [varchar](100) NULL,
	[FLDREPORTEXT] [varchar](10) NULL,
	[FLDCREATEDUSERID] [uniqueidentifier] NULL,
	[FLDCREATEDATE] [datetime] NULL,
	[FLDMODIFIEDUSERID] [uniqueidentifier] NULL,
	[FLDMODIFIEDDATE] [datetime] NULL,
PRIMARY KEY CLUSTERED 
(
	[FLDREPORTID] ASC
)WITH (PAD_INDEX  = OFF, STATISTICS_NORECOMPUTE  = OFF, IGNORE_DUP_KEY = OFF, ALLOW_ROW_LOCKS  = ON, ALLOW_PAGE_LOCKS  = ON) ON [PRIMARY]
) ON [PRIMARY]
GO
SET ANSI_PADDING OFF
GO
SET IDENTITY_INSERT [dbo].[TBLREPORTS] ON
INSERT [dbo].[TBLREPORTS] ([FLDREPORTID], [FLDREPORTNAME], [FLDREPORTFILENAME], [FLDREPORTTYPE], [FLDREPORTPATH], [FLDREPORTEXT], [FLDCREATEDUSERID], [FLDCREATEDATE], [FLDMODIFIEDUSERID], [FLDMODIFIEDDATE]) VALUES (1, N'ScheduledTravel_2016_1', N'ScheduledTravel_2016_1', N'ScheduledTravel', N'E:\Projects\Dev\cabs_dev\Cabs\Reports\ScheduledTravel_.pdf', N'.pdf', N'00000000-0000-0000-0000-000000000000', CAST(0x0000A6D400D5A558 AS DateTime), N'00000000-0000-0000-0000-000000000000', CAST(0x0000A6D400D5A558 AS DateTime))
INSERT [dbo].[TBLREPORTS] ([FLDREPORTID], [FLDREPORTNAME], [FLDREPORTFILENAME], [FLDREPORTTYPE], [FLDREPORTPATH], [FLDREPORTEXT], [FLDCREATEDUSERID], [FLDCREATEDATE], [FLDMODIFIEDUSERID], [FLDMODIFIEDDATE]) VALUES (2, N'ScheduledTravel_2016_1', N'ScheduledTravel_2016_1', N'ScheduledTravel', N'E:\Projects\Dev\cabs_dev\Cabs\Reports\ScheduledTravel_.pdf', N'.pdf', N'00000000-0000-0000-0000-000000000000', CAST(0x0000A6D400D68C27 AS DateTime), N'00000000-0000-0000-0000-000000000000', CAST(0x0000A6D400D68C27 AS DateTime))
INSERT [dbo].[TBLREPORTS] ([FLDREPORTID], [FLDREPORTNAME], [FLDREPORTFILENAME], [FLDREPORTTYPE], [FLDREPORTPATH], [FLDREPORTEXT], [FLDCREATEDUSERID], [FLDCREATEDATE], [FLDMODIFIEDUSERID], [FLDMODIFIEDDATE]) VALUES (3, N'ScheduledTravel_2016_1', N'ScheduledTravel_2016_1', N'ScheduledTravel', N'E:\Projects\Dev\cabs_dev\Cabs\Reports\ScheduledTravel_.pdf', N'.pdf', N'00000000-0000-0000-0000-000000000000', CAST(0x0000A6D400D6D430 AS DateTime), N'00000000-0000-0000-0000-000000000000', CAST(0x0000A6D400D6D430 AS DateTime))
INSERT [dbo].[TBLREPORTS] ([FLDREPORTID], [FLDREPORTNAME], [FLDREPORTFILENAME], [FLDREPORTTYPE], [FLDREPORTPATH], [FLDREPORTEXT], [FLDCREATEDUSERID], [FLDCREATEDATE], [FLDMODIFIEDUSERID], [FLDMODIFIEDDATE]) VALUES (4, N'ScheduledTravel_2016_1', N'ScheduledTravel_2016_1', N'ScheduledTravel', N'E:\Projects\Dev\cabs_dev\Cabs\Reports\ScheduledTravel_.pdf', N'.pdf', N'00000000-0000-0000-0000-000000000000', CAST(0x0000A6D400D6FC97 AS DateTime), N'00000000-0000-0000-0000-000000000000', CAST(0x0000A6D400D6FC97 AS DateTime))
INSERT [dbo].[TBLREPORTS] ([FLDREPORTID], [FLDREPORTNAME], [FLDREPORTFILENAME], [FLDREPORTTYPE], [FLDREPORTPATH], [FLDREPORTEXT], [FLDCREATEDUSERID], [FLDCREATEDATE], [FLDMODIFIEDUSERID], [FLDMODIFIEDDATE]) VALUES (5, N'ScheduledTravel_2016_1', N'ScheduledTravel_2016_1', N'ScheduledTravel', N'E:\Projects\Dev\cabs_dev\Cabs\Reports\ScheduledTravel_2016_1_.pdf', N'.pdf', N'00000000-0000-0000-0000-000000000000', CAST(0x0000A6D400D7A06F AS DateTime), N'00000000-0000-0000-0000-000000000000', CAST(0x0000A6D400D7A06F AS DateTime))
INSERT [dbo].[TBLREPORTS] ([FLDREPORTID], [FLDREPORTNAME], [FLDREPORTFILENAME], [FLDREPORTTYPE], [FLDREPORTPATH], [FLDREPORTEXT], [FLDCREATEDUSERID], [FLDCREATEDATE], [FLDMODIFIEDUSERID], [FLDMODIFIEDDATE]) VALUES (6, N'ScheduledTravel_2016_1', N'ScheduledTravel_2016_1', N'ScheduledTravel', N'E:\Projects\Dev\cabs_dev\Cabs\Reports\ScheduledTravel_2016_1_.pdf', N'.pdf', N'00000000-0000-0000-0000-000000000000', CAST(0x0000A6D400D817EC AS DateTime), N'00000000-0000-0000-0000-000000000000', CAST(0x0000A6D400D817EC AS DateTime))
INSERT [dbo].[TBLREPORTS] ([FLDREPORTID], [FLDREPORTNAME], [FLDREPORTFILENAME], [FLDREPORTTYPE], [FLDREPORTPATH], [FLDREPORTEXT], [FLDCREATEDUSERID], [FLDCREATEDATE], [FLDMODIFIEDUSERID], [FLDMODIFIEDDATE]) VALUES (7, N'ScheduledTravel_2016_1', N'ScheduledTravel_2016_1', N'ScheduledTravel', N'E:\Projects\Dev\cabs_dev\Cabs\Reports\ScheduledTravel_2016_1_.pdf', N'.pdf', N'00000000-0000-0000-0000-000000000000', CAST(0x0000A6D400D8404D AS DateTime), N'00000000-0000-0000-0000-000000000000', CAST(0x0000A6D400D8404D AS DateTime))
INSERT [dbo].[TBLREPORTS] ([FLDREPORTID], [FLDREPORTNAME], [FLDREPORTFILENAME], [FLDREPORTTYPE], [FLDREPORTPATH], [FLDREPORTEXT], [FLDCREATEDUSERID], [FLDCREATEDATE], [FLDMODIFIEDUSERID], [FLDMODIFIEDDATE]) VALUES (8, N'ScheduledTravel_2016_1', N'ScheduledTravel_2016_1', N'ScheduledTravel', N'E:\Projects\Dev\cabs_dev\Cabs\Reports\ScheduledTravel_2016_1_.pdf', N'.pdf', N'00000000-0000-0000-0000-000000000000', CAST(0x0000A6D400D8ACC8 AS DateTime), N'00000000-0000-0000-0000-000000000000', CAST(0x0000A6D400D8ACC8 AS DateTime))
INSERT [dbo].[TBLREPORTS] ([FLDREPORTID], [FLDREPORTNAME], [FLDREPORTFILENAME], [FLDREPORTTYPE], [FLDREPORTPATH], [FLDREPORTEXT], [FLDCREATEDUSERID], [FLDCREATEDATE], [FLDMODIFIEDUSERID], [FLDMODIFIEDDATE]) VALUES (9, N'ScheduledTravel_2016_1', N'ScheduledTravel_2016_1', N'ScheduledTravel', N'E:\Projects\Dev\cabs_dev\Cabs\Reports\ScheduledTravel_2016_1_.pdf', N'.pdf', N'00000000-0000-0000-0000-000000000000', CAST(0x0000A6D400D978AF AS DateTime), N'00000000-0000-0000-0000-000000000000', CAST(0x0000A6D400D978AF AS DateTime))
INSERT [dbo].[TBLREPORTS] ([FLDREPORTID], [FLDREPORTNAME], [FLDREPORTFILENAME], [FLDREPORTTYPE], [FLDREPORTPATH], [FLDREPORTEXT], [FLDCREATEDUSERID], [FLDCREATEDATE], [FLDMODIFIEDUSERID], [FLDMODIFIEDDATE]) VALUES (10, N'ScheduledTravel_2016_1', N'ScheduledTravel_2016_1', N'ScheduledTravel', N'E:\Projects\Dev\cabs_dev\Cabs\Reports\ScheduledTravel_2016_1_.pdf', N'.pdf', N'00000000-0000-0000-0000-000000000000', CAST(0x0000A6D400D9A26C AS DateTime), N'00000000-0000-0000-0000-000000000000', CAST(0x0000A6D400D9A26C AS DateTime))
INSERT [dbo].[TBLREPORTS] ([FLDREPORTID], [FLDREPORTNAME], [FLDREPORTFILENAME], [FLDREPORTTYPE], [FLDREPORTPATH], [FLDREPORTEXT], [FLDCREATEDUSERID], [FLDCREATEDATE], [FLDMODIFIEDUSERID], [FLDMODIFIEDDATE]) VALUES (11, N'ScheduledTravel_2016_1', N'ScheduledTravel_2016_1', N'ScheduledTravel', N'E:\Projects\Dev\cabs_dev\Cabs\Reports\ScheduledTravel_2016_1_.pdf', N'.pdf', N'00000000-0000-0000-0000-000000000000', CAST(0x0000A6D400D9DE9D AS DateTime), N'00000000-0000-0000-0000-000000000000', CAST(0x0000A6D400D9DE9D AS DateTime))
INSERT [dbo].[TBLREPORTS] ([FLDREPORTID], [FLDREPORTNAME], [FLDREPORTFILENAME], [FLDREPORTTYPE], [FLDREPORTPATH], [FLDREPORTEXT], [FLDCREATEDUSERID], [FLDCREATEDATE], [FLDMODIFIEDUSERID], [FLDMODIFIEDDATE]) VALUES (12, N'ScheduledTravel_2016_1', N'ScheduledTravel_2016_1', N'ScheduledTravel', N'E:\Projects\Dev\cabs_dev\Cabs\Reports\ScheduledTravel_2016_1_.pdf', N'.pdf', N'00000000-0000-0000-0000-000000000000', CAST(0x0000A6D400DA463F AS DateTime), N'00000000-0000-0000-0000-000000000000', CAST(0x0000A6D400DA463F AS DateTime))
INSERT [dbo].[TBLREPORTS] ([FLDREPORTID], [FLDREPORTNAME], [FLDREPORTFILENAME], [FLDREPORTTYPE], [FLDREPORTPATH], [FLDREPORTEXT], [FLDCREATEDUSERID], [FLDCREATEDATE], [FLDMODIFIEDUSERID], [FLDMODIFIEDDATE]) VALUES (13, N'ScheduledTravel_2016_1', N'ScheduledTravel_2016_1', N'ScheduledTravel', N'E:\Projects\Dev\cabs_dev\Cabs\Reports\ScheduledTravel_2016_1_.pdf', N'.pdf', N'00000000-0000-0000-0000-000000000000', CAST(0x0000A6D400DA72C6 AS DateTime), N'00000000-0000-0000-0000-000000000000', CAST(0x0000A6D400DA72C6 AS DateTime))
INSERT [dbo].[TBLREPORTS] ([FLDREPORTID], [FLDREPORTNAME], [FLDREPORTFILENAME], [FLDREPORTTYPE], [FLDREPORTPATH], [FLDREPORTEXT], [FLDCREATEDUSERID], [FLDCREATEDATE], [FLDMODIFIEDUSERID], [FLDMODIFIEDDATE]) VALUES (14, N'ScheduledTravel_2016_1', N'ScheduledTravel_2016_1', N'ScheduledTravel', N'E:\Projects\Dev\cabs_dev\Cabs\Reports\ScheduledTravel_2016_1_.pdf', N'.pdf', N'00000000-0000-0000-0000-000000000000', CAST(0x0000A6D400DA98FC AS DateTime), N'00000000-0000-0000-0000-000000000000', CAST(0x0000A6D400DA98FC AS DateTime))
INSERT [dbo].[TBLREPORTS] ([FLDREPORTID], [FLDREPORTNAME], [FLDREPORTFILENAME], [FLDREPORTTYPE], [FLDREPORTPATH], [FLDREPORTEXT], [FLDCREATEDUSERID], [FLDCREATEDATE], [FLDMODIFIEDUSERID], [FLDMODIFIEDDATE]) VALUES (15, N'ScheduledTravel_2016_1', N'ScheduledTravel_2016_1', N'ScheduledTravel', N'E:\Projects\Dev\cabs_dev\Cabs\Reports\ScheduledTravel_2016_1_.pdf', N'.pdf', N'00000000-0000-0000-0000-000000000000', CAST(0x0000A6D400DBB9A0 AS DateTime), N'00000000-0000-0000-0000-000000000000', CAST(0x0000A6D400DBB9A0 AS DateTime))
INSERT [dbo].[TBLREPORTS] ([FLDREPORTID], [FLDREPORTNAME], [FLDREPORTFILENAME], [FLDREPORTTYPE], [FLDREPORTPATH], [FLDREPORTEXT], [FLDCREATEDUSERID], [FLDCREATEDATE], [FLDMODIFIEDUSERID], [FLDMODIFIEDDATE]) VALUES (16, N'ScheduledTravel_2016_1', N'ScheduledTravel_2016_1', N'ScheduledTravel', N'E:\Projects\Dev\cabs_dev\Cabs\Reports\ScheduledTravel_2016_1_.pdf', N'.pdf', N'00000000-0000-0000-0000-000000000000', CAST(0x0000A6D400DC1820 AS DateTime), N'00000000-0000-0000-0000-000000000000', CAST(0x0000A6D400DC1820 AS DateTime))
INSERT [dbo].[TBLREPORTS] ([FLDREPORTID], [FLDREPORTNAME], [FLDREPORTFILENAME], [FLDREPORTTYPE], [FLDREPORTPATH], [FLDREPORTEXT], [FLDCREATEDUSERID], [FLDCREATEDATE], [FLDMODIFIEDUSERID], [FLDMODIFIEDDATE]) VALUES (17, N'ScheduledTravel_2016_1', N'ScheduledTravel_2016_1', N'ScheduledTravel', N'E:\Projects\Dev\cabs_dev\Cabs\Reports\ScheduledTravel_2016_1_.pdf', N'.pdf', N'00000000-0000-0000-0000-000000000000', CAST(0x0000A6D400DD002D AS DateTime), N'00000000-0000-0000-0000-000000000000', CAST(0x0000A6D400DD002D AS DateTime))
INSERT [dbo].[TBLREPORTS] ([FLDREPORTID], [FLDREPORTNAME], [FLDREPORTFILENAME], [FLDREPORTTYPE], [FLDREPORTPATH], [FLDREPORTEXT], [FLDCREATEDUSERID], [FLDCREATEDATE], [FLDMODIFIEDUSERID], [FLDMODIFIEDDATE]) VALUES (18, N'ScheduledTravel_2016_1', N'ScheduledTravel_2016_1', N'ScheduledTravel', N'E:\Projects\Dev\cabs_dev\Cabs\Reports\ScheduledTravel_2016_1_.pdf', N'.pdf', N'00000000-0000-0000-0000-000000000000', CAST(0x0000A6D400DDBFAD AS DateTime), N'00000000-0000-0000-0000-000000000000', CAST(0x0000A6D400DDBFAD AS DateTime))
INSERT [dbo].[TBLREPORTS] ([FLDREPORTID], [FLDREPORTNAME], [FLDREPORTFILENAME], [FLDREPORTTYPE], [FLDREPORTPATH], [FLDREPORTEXT], [FLDCREATEDUSERID], [FLDCREATEDATE], [FLDMODIFIEDUSERID], [FLDMODIFIEDDATE]) VALUES (19, N'ScheduledTravel_2016_1', N'ScheduledTravel_2016_1', N'ScheduledTravel', N'E:\Projects\Dev\cabs_dev\Cabs\Reports\ScheduledTravel_2016_1_.pdf', N'.pdf', N'00000000-0000-0000-0000-000000000000', CAST(0x0000A6D400DDFBA9 AS DateTime), N'00000000-0000-0000-0000-000000000000', CAST(0x0000A6D400DDFBA9 AS DateTime))
INSERT [dbo].[TBLREPORTS] ([FLDREPORTID], [FLDREPORTNAME], [FLDREPORTFILENAME], [FLDREPORTTYPE], [FLDREPORTPATH], [FLDREPORTEXT], [FLDCREATEDUSERID], [FLDCREATEDATE], [FLDMODIFIEDUSERID], [FLDMODIFIEDDATE]) VALUES (20, N'ScheduledTravel_2016_1', N'ScheduledTravel_2016_1', N'ScheduledTravel', N'E:\Projects\Dev\cabs_dev\Cabs\Reports\ScheduledTravel_2016_1_.pdf', N'.pdf', N'00000000-0000-0000-0000-000000000000', CAST(0x0000A6D400DE8A72 AS DateTime), N'00000000-0000-0000-0000-000000000000', CAST(0x0000A6D400DE8A72 AS DateTime))
INSERT [dbo].[TBLREPORTS] ([FLDREPORTID], [FLDREPORTNAME], [FLDREPORTFILENAME], [FLDREPORTTYPE], [FLDREPORTPATH], [FLDREPORTEXT], [FLDCREATEDUSERID], [FLDCREATEDATE], [FLDMODIFIEDUSERID], [FLDMODIFIEDDATE]) VALUES (21, N'ScheduledTravel_2016_1', N'ScheduledTravel_2016_1', N'ScheduledTravel', N'E:\Projects\Dev\cabs_dev\Cabs\Reports\ScheduledTravel_2016_1_.pdf', N'.pdf', N'00000000-0000-0000-0000-000000000000', CAST(0x0000A6D400DEC480 AS DateTime), N'00000000-0000-0000-0000-000000000000', CAST(0x0000A6D400DEC480 AS DateTime))
INSERT [dbo].[TBLREPORTS] ([FLDREPORTID], [FLDREPORTNAME], [FLDREPORTFILENAME], [FLDREPORTTYPE], [FLDREPORTPATH], [FLDREPORTEXT], [FLDCREATEDUSERID], [FLDCREATEDATE], [FLDMODIFIEDUSERID], [FLDMODIFIEDDATE]) VALUES (22, N'ScheduledTravel_2016_1', N'ScheduledTravel_2016_1', N'ScheduledTravel', N'E:\Projects\Dev\cabs_dev\Cabs\Reports\ScheduledTravel_2016_1_.pdf', N'.pdf', N'00000000-0000-0000-0000-000000000000', CAST(0x0000A6D400DEEC80 AS DateTime), N'00000000-0000-0000-0000-000000000000', CAST(0x0000A6D400DEEC80 AS DateTime))
INSERT [dbo].[TBLREPORTS] ([FLDREPORTID], [FLDREPORTNAME], [FLDREPORTFILENAME], [FLDREPORTTYPE], [FLDREPORTPATH], [FLDREPORTEXT], [FLDCREATEDUSERID], [FLDCREATEDATE], [FLDMODIFIEDUSERID], [FLDMODIFIEDDATE]) VALUES (23, N'ScheduledTravel_2016_1', N'ScheduledTravel_2016_1', N'ScheduledTravel', N'E:\Projects\Dev\cabs_dev\Cabs\Reports\ScheduledTravel_2016_1_.pdf', N'.pdf', N'00000000-0000-0000-0000-000000000000', CAST(0x0000A6D400DF4D66 AS DateTime), N'00000000-0000-0000-0000-000000000000', CAST(0x0000A6D400DF4D66 AS DateTime))
INSERT [dbo].[TBLREPORTS] ([FLDREPORTID], [FLDREPORTNAME], [FLDREPORTFILENAME], [FLDREPORTTYPE], [FLDREPORTPATH], [FLDREPORTEXT], [FLDCREATEDUSERID], [FLDCREATEDATE], [FLDMODIFIEDUSERID], [FLDMODIFIEDDATE]) VALUES (24, N'ScheduledTravel_2016_1', N'ScheduledTravel_2016_1', N'ScheduledTravel', N'E:\Projects\Dev\cabs_dev\Cabs\Reports\ScheduledTravel_2016_1_.pdf', N'.pdf', N'00000000-0000-0000-0000-000000000000', CAST(0x0000A6D400DF5D59 AS DateTime), N'00000000-0000-0000-0000-000000000000', CAST(0x0000A6D400DF5D59 AS DateTime))
INSERT [dbo].[TBLREPORTS] ([FLDREPORTID], [FLDREPORTNAME], [FLDREPORTFILENAME], [FLDREPORTTYPE], [FLDREPORTPATH], [FLDREPORTEXT], [FLDCREATEDUSERID], [FLDCREATEDATE], [FLDMODIFIEDUSERID], [FLDMODIFIEDDATE]) VALUES (25, N'ScheduledTravel_2016_1', N'ScheduledTravel_2016_1', N'ScheduledTravel', N'E:\Projects\Dev\cabs_dev\Cabs\Reports\ScheduledTravel_2016_1_.pdf', N'.pdf', N'00000000-0000-0000-0000-000000000000', CAST(0x0000A6D400DFB7EB AS DateTime), N'00000000-0000-0000-0000-000000000000', CAST(0x0000A6D400DFB7EB AS DateTime))
INSERT [dbo].[TBLREPORTS] ([FLDREPORTID], [FLDREPORTNAME], [FLDREPORTFILENAME], [FLDREPORTTYPE], [FLDREPORTPATH], [FLDREPORTEXT], [FLDCREATEDUSERID], [FLDCREATEDATE], [FLDMODIFIEDUSERID], [FLDMODIFIEDDATE]) VALUES (26, N'ScheduledTravel_2016_1', N'ScheduledTravel_2016_1', N'ScheduledTravel', N'E:\Projects\Dev\cabs_dev\Cabs\Reports\ScheduledTravel_2016_1_.pdf', N'.pdf', N'00000000-0000-0000-0000-000000000000', CAST(0x0000A6D400E0A4EF AS DateTime), N'00000000-0000-0000-0000-000000000000', CAST(0x0000A6D400E0A4EF AS DateTime))
INSERT [dbo].[TBLREPORTS] ([FLDREPORTID], [FLDREPORTNAME], [FLDREPORTFILENAME], [FLDREPORTTYPE], [FLDREPORTPATH], [FLDREPORTEXT], [FLDCREATEDUSERID], [FLDCREATEDATE], [FLDMODIFIEDUSERID], [FLDMODIFIEDDATE]) VALUES (27, N'ScheduledTravel_2016_1', N'ScheduledTravel_2016_1', N'ScheduledTravel', N'E:\Projects\Dev\cabs_dev\Cabs\Reports\ScheduledTravel_2016_1_.pdf', N'.pdf', N'00000000-0000-0000-0000-000000000000', CAST(0x0000A6D400E10A33 AS DateTime), N'00000000-0000-0000-0000-000000000000', CAST(0x0000A6D400E10A33 AS DateTime))
INSERT [dbo].[TBLREPORTS] ([FLDREPORTID], [FLDREPORTNAME], [FLDREPORTFILENAME], [FLDREPORTTYPE], [FLDREPORTPATH], [FLDREPORTEXT], [FLDCREATEDUSERID], [FLDCREATEDATE], [FLDMODIFIEDUSERID], [FLDMODIFIEDDATE]) VALUES (28, N'ScheduledTravel_2016_1', N'ScheduledTravel_2016_1', N'ScheduledTravel', N'E:\Projects\Dev\cabs_dev\Cabs\Reports\ScheduledTravel_2016_1_.pdf', N'.pdf', N'00000000-0000-0000-0000-000000000000', CAST(0x0000A6D400E187E6 AS DateTime), N'00000000-0000-0000-0000-000000000000', CAST(0x0000A6D400E187E6 AS DateTime))
INSERT [dbo].[TBLREPORTS] ([FLDREPORTID], [FLDREPORTNAME], [FLDREPORTFILENAME], [FLDREPORTTYPE], [FLDREPORTPATH], [FLDREPORTEXT], [FLDCREATEDUSERID], [FLDCREATEDATE], [FLDMODIFIEDUSERID], [FLDMODIFIEDDATE]) VALUES (29, N'ScheduledTravel_2016_1', N'ScheduledTravel_2016_1', N'ScheduledTravel', N'E:\Projects\Dev\cabs_dev\Cabs\Reports\ScheduledTravel_2016_1_.pdf', N'.pdf', N'00000000-0000-0000-0000-000000000000', CAST(0x0000A6D400E24216 AS DateTime), N'00000000-0000-0000-0000-000000000000', CAST(0x0000A6D400E24216 AS DateTime))
INSERT [dbo].[TBLREPORTS] ([FLDREPORTID], [FLDREPORTNAME], [FLDREPORTFILENAME], [FLDREPORTTYPE], [FLDREPORTPATH], [FLDREPORTEXT], [FLDCREATEDUSERID], [FLDCREATEDATE], [FLDMODIFIEDUSERID], [FLDMODIFIEDDATE]) VALUES (30, N'ScheduledTravel_2016_1', N'ScheduledTravel_2016_1', N'ScheduledTravel', N'E:\Projects\Dev\cabs_dev\Cabs\Reports\ScheduledTravel_2016_1_.pdf', N'.pdf', N'00000000-0000-0000-0000-000000000000', CAST(0x0000A6D400E2B7CB AS DateTime), N'00000000-0000-0000-0000-000000000000', CAST(0x0000A6D400E2B7CB AS DateTime))
SET IDENTITY_INSERT [dbo].[TBLREPORTS] OFF
/****** Object:  Table [dbo].[TBLMENU]    Script Date: 12/06/2016 21:18:09 ******/
SET ANSI_NULLS ON
GO
SET QUOTED_IDENTIFIER ON
GO
SET ANSI_PADDING ON
GO
CREATE TABLE [dbo].[TBLMENU](
	[FLDMENUID] [uniqueidentifier] NULL,
	[FLDMENUNAME] [varchar](50) NULL,
	[FLDMENUSHORTCODE] [varchar](10) NULL,
	[FLDURL] [varchar](200) NULL,
	[FLDROLE] [varchar](20) NULL,
	[FLDACTIVEYN] [tinyint] NULL,
	[FLDCREATEDUSERID] [uniqueidentifier] NULL,
	[FLDCREATEDATE] [datetime] NULL,
	[FLDMODIFIEDUSERID] [uniqueidentifier] NULL,
	[FLDMODIFIEDDATE] [datetime] NULL,
	[FLDMODULENAME] [varchar](20) NULL,
	[FLDJSFUNCTION] [varchar](250) NULL,
	[FLDMODULEORDER] [int] NULL,
	[FLDSCREENORDER] [int] NULL
) ON [PRIMARY]
GO
SET ANSI_PADDING OFF
GO
INSERT [dbo].[TBLMENU] ([FLDMENUID], [FLDMENUNAME], [FLDMENUSHORTCODE], [FLDURL], [FLDROLE], [FLDACTIVEYN], [FLDCREATEDUSERID], [FLDCREATEDATE], [FLDMODIFIEDUSERID], [FLDMODIFIEDDATE], [FLDMODULENAME], [FLDJSFUNCTION], [FLDMODULEORDER], [FLDSCREENORDER]) VALUES (N'914368cb-a78c-448f-be79-f4e2d30dad62', N'Add Cars', N'AC', N'http://localhost:55338/Account/MyAccount/AddCar', N'Admin', 1, N'1c93dca4-eb23-41a3-a3ed-6d46958fb877', CAST(0x0000A68E00A3AB9C AS DateTime), N'393d246f-f441-43e2-a856-6f7863162a59', CAST(0x0000A68E00A3AB9C AS DateTime), N'Admin', NULL, 1, 1)
INSERT [dbo].[TBLMENU] ([FLDMENUID], [FLDMENUNAME], [FLDMENUSHORTCODE], [FLDURL], [FLDROLE], [FLDACTIVEYN], [FLDCREATEDUSERID], [FLDCREATEDATE], [FLDMODIFIEDUSERID], [FLDMODIFIEDDATE], [FLDMODULENAME], [FLDJSFUNCTION], [FLDMODULEORDER], [FLDSCREENORDER]) VALUES (N'f18f83d5-1d96-4cca-b896-faa409cc82b7', N'View Cars', N'VC', N'http://localhost:55338/Account/MyAccount/ViewCars', N'Admin', 1, N'1c93dca4-eb23-41a3-a3ed-6d46958fb877', CAST(0x0000A68E00A3AB9C AS DateTime), N'393d246f-f441-43e2-a856-6f7863162a59', CAST(0x0000A68E00A3AB9C AS DateTime), N'Admin', NULL, 1, 2)
INSERT [dbo].[TBLMENU] ([FLDMENUID], [FLDMENUNAME], [FLDMENUSHORTCODE], [FLDURL], [FLDROLE], [FLDACTIVEYN], [FLDCREATEDUSERID], [FLDCREATEDATE], [FLDMODIFIEDUSERID], [FLDMODIFIEDDATE], [FLDMODULENAME], [FLDJSFUNCTION], [FLDMODULEORDER], [FLDSCREENORDER]) VALUES (N'56ac6a1e-ebac-49c7-8eb9-ccf0f992b1af', N'Schedule Travel', N'AC', N'http://localhost:55338/Account/MyAccount/ScheduleTravel', N'Admin', 1, N'a5a4b038-7325-463f-a7c0-7f27836d9812', CAST(0x0000A68E00A3F676 AS DateTime), N'2d392d51-0a32-4bfd-ab64-e5628b10afac', CAST(0x0000A68E00A3F676 AS DateTime), N'Admin', NULL, 1, 3)
INSERT [dbo].[TBLMENU] ([FLDMENUID], [FLDMENUNAME], [FLDMENUSHORTCODE], [FLDURL], [FLDROLE], [FLDACTIVEYN], [FLDCREATEDUSERID], [FLDCREATEDATE], [FLDMODIFIEDUSERID], [FLDMODIFIEDDATE], [FLDMODULENAME], [FLDJSFUNCTION], [FLDMODULEORDER], [FLDSCREENORDER]) VALUES (N'c5daf6b5-93c4-47fc-81bd-37a49475b2c5', N'View Scheduled Travel', N'VST', N'http://localhost:55338/Account/MyAccount/ViewScheduledTravel', N'Admin', 1, N'252fea9e-bc84-49b0-8449-d11df35bd69a', CAST(0x0000A690009B6F11 AS DateTime), N'ef39b862-5541-4f14-9fe3-32f396a7e00c', CAST(0x0000A690009B6F11 AS DateTime), N'Admin', NULL, 1, 4)
INSERT [dbo].[TBLMENU] ([FLDMENUID], [FLDMENUNAME], [FLDMENUSHORTCODE], [FLDURL], [FLDROLE], [FLDACTIVEYN], [FLDCREATEDUSERID], [FLDCREATEDATE], [FLDMODIFIEDUSERID], [FLDMODIFIEDDATE], [FLDMODULENAME], [FLDJSFUNCTION], [FLDMODULEORDER], [FLDSCREENORDER]) VALUES (N'cf9fdf77-f051-47b8-bf0e-7687ce823c10', N'View Available Cars', N'VAC', N'http://localhost:55338/Account/MyAccount/AvailableCars', N'Admin', 1, N'8c9ca3c6-b5a8-4a01-8b93-43c3b89ef414', CAST(0x0000A690009B6F12 AS DateTime), N'9bab50ae-9c06-46e3-8b59-09c0516b1c40', CAST(0x0000A690009B6F12 AS DateTime), N'Admin', NULL, 1, 5)
INSERT [dbo].[TBLMENU] ([FLDMENUID], [FLDMENUNAME], [FLDMENUSHORTCODE], [FLDURL], [FLDROLE], [FLDACTIVEYN], [FLDCREATEDUSERID], [FLDCREATEDATE], [FLDMODIFIEDUSERID], [FLDMODIFIEDDATE], [FLDMODULENAME], [FLDJSFUNCTION], [FLDMODULEORDER], [FLDSCREENORDER]) VALUES (N'd442e870-ea17-4956-9b73-3e64700ef1b2', N'In and Out Time', N'IOT', N'http://localhost:55338/Account/MyAccount/InOutTime', N'Admin', 1, N'87df4fdc-3ac9-474c-a7ca-b720f5f30d76', CAST(0x0000A691009BA47B AS DateTime), N'8abb798e-5fed-480f-b723-7126830ce715', CAST(0x0000A691009BA47B AS DateTime), N'Admin', NULL, 1, 6)
INSERT [dbo].[TBLMENU] ([FLDMENUID], [FLDMENUNAME], [FLDMENUSHORTCODE], [FLDURL], [FLDROLE], [FLDACTIVEYN], [FLDCREATEDUSERID], [FLDCREATEDATE], [FLDMODIFIEDUSERID], [FLDMODIFIEDDATE], [FLDMODULENAME], [FLDJSFUNCTION], [FLDMODULEORDER], [FLDSCREENORDER]) VALUES (N'1ca96204-3466-4d6f-a486-a616274d7639', N'Travel Report', N'TR', N'http://localhost:55338/Reports/ReportMaster', N'Admin', 1, N'3718c9d9-5bad-4c18-93a4-c4f2c2461795', CAST(0x0000A68E00A3F676 AS DateTime), N'8fffc5d4-8a32-461b-ac0d-ad13c6819921', CAST(0x0000A68E00A3F676 AS DateTime), N'Reports', NULL, 2, 1)
/****** Object:  Table [dbo].[TBLLOGIN]    Script Date: 12/06/2016 21:18:09 ******/
SET ANSI_NULLS ON
GO
SET QUOTED_IDENTIFIER ON
GO
SET ANSI_PADDING ON
GO
CREATE TABLE [dbo].[TBLLOGIN](
	[FLDLOGINID] [uniqueidentifier] NULL,
	[FLDROLE] [varchar](100) NULL,
	[FLDUSERNAME] [varchar](100) NULL,
	[FLDUSERID] [varchar](20) NULL,
	[FLDPASSWORD] [varbinary](200) NULL,
	[FLDACTIVEYN] [tinyint] NULL
) ON [PRIMARY]
GO
SET ANSI_PADDING OFF
GO
INSERT [dbo].[TBLLOGIN] ([FLDLOGINID], [FLDROLE], [FLDUSERNAME], [FLDUSERID], [FLDPASSWORD], [FLDACTIVEYN]) VALUES (N'00000000-0000-0000-0000-000000000000', N'Admin', N'sameera', N'sameera', 0xD8C27799276B5C0BFB0C0D92C037129E, 1)
INSERT [dbo].[TBLLOGIN] ([FLDLOGINID], [FLDROLE], [FLDUSERNAME], [FLDUSERID], [FLDPASSWORD], [FLDACTIVEYN]) VALUES (N'7bac3b16-209c-45d5-af56-1db8d33d84b2', N'Security', N'security', N'security', 0xE91E6348157868DE9DD8B25C81AEBFB9, 1)
INSERT [dbo].[TBLLOGIN] ([FLDLOGINID], [FLDROLE], [FLDUSERNAME], [FLDUSERID], [FLDPASSWORD], [FLDACTIVEYN]) VALUES (N'e28d5ce4-bd57-4863-9318-57fe8978e72f', N'Admin', N'Shunmuga', N'Shunmuga', 0x41B6CE49438D91E5DB6EA36F4DF34A48, 1)
/****** Object:  Table [dbo].[TBLCARS]    Script Date: 12/06/2016 21:18:09 ******/
SET ANSI_NULLS ON
GO
SET QUOTED_IDENTIFIER ON
GO
SET ANSI_PADDING ON
GO
CREATE TABLE [dbo].[TBLCARS](
	[FLDCARID] [uniqueidentifier] NULL,
	[FLDCARNAME] [varchar](100) NULL,
	[FLDCARMODEL] [varchar](20) NULL,
	[FLDCARPASSENGERCAPACITY] [int] NULL,
	[FLDDESCRIPTION] [nvarchar](max) NULL,
	[FLDACTIVEYN] [tinyint] NULL,
	[FLDCREATEDUSERID] [uniqueidentifier] NULL,
	[FLDCREATEDATE] [datetime] NULL,
	[FLDMODIFIEDUSERID] [uniqueidentifier] NULL,
	[FLDMODIFIEDDATE] [datetime] NULL,
	[FLDREGISTRATIONNO] [varchar](100) NULL
) ON [PRIMARY]
GO
SET ANSI_PADDING OFF
GO
INSERT [dbo].[TBLCARS] ([FLDCARID], [FLDCARNAME], [FLDCARMODEL], [FLDCARPASSENGERCAPACITY], [FLDDESCRIPTION], [FLDACTIVEYN], [FLDCREATEDUSERID], [FLDCREATEDATE], [FLDMODIFIEDUSERID], [FLDMODIFIEDDATE], [FLDREGISTRATIONNO]) VALUES (N'ce55e080-234a-4978-b111-27a4e238c4c4', N'BMW', N'4.0', 4, N'Testing', 1, N'00000000-0000-0000-0000-000000000000', CAST(0x0000A68E007553EF AS DateTime), N'00000000-0000-0000-0000-000000000000', CAST(0x0000A6A601221A04 AS DateTime), N'BW 1234')
INSERT [dbo].[TBLCARS] ([FLDCARID], [FLDCARNAME], [FLDCARMODEL], [FLDCARPASSENGERCAPACITY], [FLDDESCRIPTION], [FLDACTIVEYN], [FLDCREATEDUSERID], [FLDCREATEDATE], [FLDMODIFIEDUSERID], [FLDMODIFIEDDATE], [FLDREGISTRATIONNO]) VALUES (N'9cbe5df8-d684-4171-8c28-d37286f6021b', N'Ford', N'4', 4, N'test', 1, N'00000000-0000-0000-0000-000000000000', CAST(0x0000A68E00ACAF88 AS DateTime), N'00000000-0000-0000-0000-000000000000', CAST(0x0000A69801121A56 AS DateTime), N'safsaf')
INSERT [dbo].[TBLCARS] ([FLDCARID], [FLDCARNAME], [FLDCARMODEL], [FLDCARPASSENGERCAPACITY], [FLDDESCRIPTION], [FLDACTIVEYN], [FLDCREATEDUSERID], [FLDCREATEDATE], [FLDMODIFIEDUSERID], [FLDMODIFIEDDATE], [FLDREGISTRATIONNO]) VALUES (N'213669b9-8b42-482c-88e2-255ff9b61aae', N'Ford 4', N'4', 4, N'Test', 1, N'00000000-0000-0000-0000-000000000000', CAST(0x0000A68E00F1B581 AS DateTime), N'00000000-0000-0000-0000-000000000000', CAST(0x0000A69801122276 AS DateTime), N'twtt35')
INSERT [dbo].[TBLCARS] ([FLDCARID], [FLDCARNAME], [FLDCARMODEL], [FLDCARPASSENGERCAPACITY], [FLDDESCRIPTION], [FLDACTIVEYN], [FLDCREATEDUSERID], [FLDCREATEDATE], [FLDMODIFIEDUSERID], [FLDMODIFIEDDATE], [FLDREGISTRATIONNO]) VALUES (N'9808d53a-9d49-4751-89ee-90b3114d9ccb', N'Renault', N'kwid', 8, N'Testing', 1, N'00000000-0000-0000-0000-000000000000', CAST(0x0000A68F006EAA35 AS DateTime), N'00000000-0000-0000-0000-000000000000', CAST(0x0000A69801122EAC AS DateTime), N'afsfwqr')
INSERT [dbo].[TBLCARS] ([FLDCARID], [FLDCARNAME], [FLDCARMODEL], [FLDCARPASSENGERCAPACITY], [FLDDESCRIPTION], [FLDACTIVEYN], [FLDCREATEDUSERID], [FLDCREATEDATE], [FLDMODIFIEDUSERID], [FLDMODIFIEDDATE], [FLDREGISTRATIONNO]) VALUES (N'53d9eb58-3058-4c2a-b2c8-02efa7dd7cbc', N'Ford', N'45', 4, N'sff', 1, N'00000000-0000-0000-0000-000000000000', CAST(0x0000A68F011BC8B7 AS DateTime), N'00000000-0000-0000-0000-000000000000', CAST(0x0000A6A601220F9E AS DateTime), N'TN4321')
INSERT [dbo].[TBLCARS] ([FLDCARID], [FLDCARNAME], [FLDCARMODEL], [FLDCARPASSENGERCAPACITY], [FLDDESCRIPTION], [FLDACTIVEYN], [FLDCREATEDUSERID], [FLDCREATEDATE], [FLDMODIFIEDUSERID], [FLDMODIFIEDDATE], [FLDREGISTRATIONNO]) VALUES (N'809354de-1809-48c0-8db4-132625b1e513', N'Royal Enfield', N'Classic', 2, N'RE', 1, N'e28d5ce4-bd57-4863-9318-57fe8978e72f', CAST(0x0000A695007939D1 AS DateTime), N'e28d5ce4-bd57-4863-9318-57fe8978e72f', CAST(0x0000A695007939D1 AS DateTime), N'TN 07 1104')
INSERT [dbo].[TBLCARS] ([FLDCARID], [FLDCARNAME], [FLDCARMODEL], [FLDCARPASSENGERCAPACITY], [FLDDESCRIPTION], [FLDACTIVEYN], [FLDCREATEDUSERID], [FLDCREATEDATE], [FLDMODIFIEDUSERID], [FLDMODIFIEDDATE], [FLDREGISTRATIONNO]) VALUES (N'774b2995-2b8e-4c02-99b2-77a06e9f8714', N'Royal Enfield', N'Classic', 2, N'RE', 1, N'00000000-0000-0000-0000-000000000000', CAST(0x0000A69700A8B72A AS DateTime), N'00000000-0000-0000-0000-000000000000', CAST(0x0000A69700A8B72A AS DateTime), N'TN 07 1105')
INSERT [dbo].[TBLCARS] ([FLDCARID], [FLDCARNAME], [FLDCARMODEL], [FLDCARPASSENGERCAPACITY], [FLDDESCRIPTION], [FLDACTIVEYN], [FLDCREATEDUSERID], [FLDCREATEDATE], [FLDMODIFIEDUSERID], [FLDMODIFIEDDATE], [FLDREGISTRATIONNO]) VALUES (N'9cad1fb4-dbdb-4a9b-a05f-fde7a7378ae9', N'BMW', N'4.0', 4, N'Testing', 1, N'00000000-0000-0000-0000-000000000000', CAST(0x0000A69700A9D420 AS DateTime), N'00000000-0000-0000-0000-000000000000', CAST(0x0000A69700A9D420 AS DateTime), N'Tn 1234')
INSERT [dbo].[TBLCARS] ([FLDCARID], [FLDCARNAME], [FLDCARMODEL], [FLDCARPASSENGERCAPACITY], [FLDDESCRIPTION], [FLDACTIVEYN], [FLDCREATEDUSERID], [FLDCREATEDATE], [FLDMODIFIEDUSERID], [FLDMODIFIEDDATE], [FLDREGISTRATIONNO]) VALUES (N'285cc227-b282-427d-99bf-baaac772960f', N'Renault', N'kwid', 8, N'Testing', 1, N'00000000-0000-0000-0000-000000000000', CAST(0x0000A69700B3E1DF AS DateTime), N'00000000-0000-0000-0000-000000000000', CAST(0x0000A698011211E1 AS DateTime), N'123465884')
INSERT [dbo].[TBLCARS] ([FLDCARID], [FLDCARNAME], [FLDCARMODEL], [FLDCARPASSENGERCAPACITY], [FLDDESCRIPTION], [FLDACTIVEYN], [FLDCREATEDUSERID], [FLDCREATEDATE], [FLDMODIFIEDUSERID], [FLDMODIFIEDDATE], [FLDREGISTRATIONNO]) VALUES (N'6da18ca4-449a-4207-a75a-18e83f8475c1', N'Test', N'4', 4, N'Testing', 1, N'00000000-0000-0000-0000-000000000000', CAST(0x0000A69700B63A28 AS DateTime), N'00000000-0000-0000-0000-000000000000', CAST(0x0000A69701420ECA AS DateTime), N'12324')
INSERT [dbo].[TBLCARS] ([FLDCARID], [FLDCARNAME], [FLDCARMODEL], [FLDCARPASSENGERCAPACITY], [FLDDESCRIPTION], [FLDACTIVEYN], [FLDCREATEDUSERID], [FLDCREATEDATE], [FLDMODIFIEDUSERID], [FLDMODIFIEDDATE], [FLDREGISTRATIONNO]) VALUES (N'329c7725-2bba-4a0a-a72c-0350f18234de', N'123456', N'123', 4, N'testing', 1, N'00000000-0000-0000-0000-000000000000', CAST(0x0000A6B5005DA3E2 AS DateTime), N'00000000-0000-0000-0000-000000000000', CAST(0x0000A6B5005DA3E2 AS DateTime), N'Test')
/****** Object:  StoredProcedure [dbo].[PRUSERREGISTER]    Script Date: 12/06/2016 21:18:08 ******/
SET ANSI_NULLS ON
GO
SET QUOTED_IDENTIFIER ON
GO
-- =============================================
-- USER LOGIN
-- =============================================
CREATE PROCEDURE [dbo].[PRUSERREGISTER]
	@LOGINID		UNIQUEIDENTIFIER,
	@ROLE			VARCHAR(100),
	@USERNAME		VARCHAR(100),
	@USERID			VARCHAR(20),
	@PASSWORD		VARCHAR(20)
--WITH ENCRYPTION
AS
BEGIN
	SET NOCOUNT ON;

	IF EXISTS (
		SELECT	*
		FROM	TBLLOGIN (NOLOCK)
		WHERE FLDACTIVEYN = 1
		AND	FLDUSERID = @USERID
		)
	BEGIN		
		RAISERROR('User Name Already Exists.', 16, 1)
		RETURN
	END

	INSERT INTO TBLLOGIN
	(
		FLDLOGINID
		,FLDROLE
		,FLDUSERNAME
		,FLDUSERID
		,FLDPASSWORD
		,FLDACTIVEYN
	)
	VALUES
	(
		@LOGINID
		,@ROLE
		,@USERNAME
		,@USERID
		,HASHBYTES('MD5',@PASSWORD)
		,1
	)
END
GO
/****** Object:  StoredProcedure [dbo].[PRUSERLOGIN]    Script Date: 12/06/2016 21:18:08 ******/
SET ANSI_NULLS ON
GO
SET QUOTED_IDENTIFIER ON
GO
-- =============================================
-- USER LOGIN
-- =============================================
CREATE PROCEDURE [dbo].[PRUSERLOGIN]
	@USERID   VARCHAR(100),
	@PASSWORD VARCHAR(100)
--WITH ENCRYPTION
AS
BEGIN
	SET NOCOUNT ON;

	

	IF NOT EXISTS (
		SELECT	*
		FROM	TBLLOGIN (NOLOCK)
		WHERE FLDACTIVEYN = 1
		AND	FLDUSERID = @USERID
		AND FLDPASSWORD = HASHBYTES('MD5',@PASSWORD))
	BEGIN		
		RAISERROR('You do not have sufficient privileges to login.', 16, 1)
		RETURN
	END

	SELECT A.FLDLOGINID,
			A.FLDROLE,
			A.FLDUSERNAME,
			A.FLDUSERID,
			A.FLDPASSWORD,
			A.FLDACTIVEYN		
	FROM TBLLOGIN A (NOLOCK)
	WHERE A.FLDUSERID = @USERID
		AND A.FLDPASSWORD = HASHBYTES('MD5',@PASSWORD)
		AND A.FLDACTIVEYN = 1
END
GO
/****** Object:  StoredProcedure [dbo].[PRUPDATESCHEDULETRAVELSTATUS]    Script Date: 12/06/2016 21:18:08 ******/
SET ANSI_NULLS ON
GO
SET QUOTED_IDENTIFIER ON
GO
CREATE PROCEDURE [dbo].[PRUPDATESCHEDULETRAVELSTATUS]
(
	@SCHEDULETRAVELID		UNIQUEIDENTIFIER,
	@ISTRAVELCOMPLETED		INT,
	@ISTRAVELCANCELLED		INT,
	@CARID					UNIQUEIDENTIFIER
)
AS 
BEGIN

	UPDATE TBLSCHEDULETRAVEL
	SET FLDISTRAVELCOMPLETED	= @ISTRAVELCOMPLETED,
		FLDISTRAVELCANCELLED	= @ISTRAVELCANCELLED
	WHERE FLDSCHEDULETRAVELID =  @SCHEDULETRAVELID
	
END
GO
/****** Object:  StoredProcedure [dbo].[PRUPDATEOUTORINTIME]    Script Date: 12/06/2016 21:18:08 ******/
SET ANSI_NULLS ON
GO
SET QUOTED_IDENTIFIER ON
GO
CREATE PROCEDURE [dbo].[PRUPDATEOUTORINTIME]
(
	@SCHEDULETRAVELID	UNIQUEIDENTIFIER,
	@OUTTIME			DATETIME,
	@INTIME				DATETIME,
	@CARID				UNIQUEIDENTIFIER
)
AS 
BEGIN

	IF(@OUTTIME IS NOT NULL)
	BEGIN
		UPDATE TBLSCHEDULETRAVEL
		SET FLDOUTTIME = @OUTTIME
		WHERE FLDSCHEDULETRAVELID =  @SCHEDULETRAVELID
	END
	
	IF(@INTIME IS NOT NULL)
	BEGIN
		UPDATE TBLSCHEDULETRAVEL
		SET FLDINTIME = @INTIME
		WHERE FLDSCHEDULETRAVELID =  @SCHEDULETRAVELID
	END

END
GO
/****** Object:  StoredProcedure [dbo].[PRSCHEDULETRAVELUPDATE]    Script Date: 12/06/2016 21:18:08 ******/
SET ANSI_NULLS ON
GO
SET QUOTED_IDENTIFIER ON
GO
CREATE PROCEDURE [dbo].[PRSCHEDULETRAVELUPDATE]
(
	@TRAVELDATE			DATETIME,
	@TRAVELSTARTTIME	DATETIME,
	@FROMLOCATION		VARCHAR(100),
	@TOLOCATION			VARCHAR(100),
	@DRIVERNAME			VARCHAR(100),
	@DRIVERCONTACTNO	VARCHAR(100),
	@REMARKS			NVARCHAR(MAX),
	@CARID				UNIQUEIDENTIFIER,
	@USERID				UNIQUEIDENTIFIER,
	@SCHEDULETRAVELID	UNIQUEIDENTIFIER
)
AS 
BEGIN
	SET NOCOUNT ON;
	
	IF(@DRIVERNAME = '' OR @DRIVERCONTACTNO = '')
	BEGIN		
		RAISERROR('Driver Name and Contact Number is Required.', 16, 1)
		RETURN
	END
	
	UPDATE TBLSCHEDULETRAVEL
	SET FLDTRAVELDATE = @TRAVELDATE,
		FLDTRAVELSTARTTIME = @TRAVELSTARTTIME,
		FLDFROMLOCATION = @FROMLOCATION,
		FLDTOLOCATION = @TOLOCATION,
		FLDDRIVERNAME = @DRIVERNAME,
		FLDDRIVERCONTACTNO = @DRIVERCONTACTNO,
		FLDREMARKS = @REMARKS,
		FLDCARID = @CARID,
		FLDMODIFIEDUSERID = @USERID,
		FLDMODIFIEDDATE = GETDATE()
	WHERE FLDSCHEDULETRAVELID = @SCHEDULETRAVELID


END
GO
/****** Object:  StoredProcedure [dbo].[PRSCHEDULETRAVELTIMINGS]    Script Date: 12/06/2016 21:18:08 ******/
SET ANSI_NULLS ON
GO
SET QUOTED_IDENTIFIER ON
GO
CREATE PROCEDURE [dbo].[PRSCHEDULETRAVELTIMINGS]
(
	@MONTH			INT		 = NULL
	,@YEAR			INT		 = NULL
	,@FROMDATE		DATETIME = NULL
	,@TODATE		DATETIME = NULL
)
AS
BEGIN

		DECLARE @TEMPTBL TABLE
		(
			FLDDATE		DATETIME,
			FLDDATETIME DATETIME,
			FLDDATA		VARCHAR(MAX),
			FLDROW		INT
		)
		
		DECLARE @TEMP TABLE
		(
			FLDDATETIME	DATETIME,
			FLDCOUNT	INT,
			FLDDATA		VARCHAR(MAX)
		)

		DECLARE @FROM	DATETIME
		DECLARE @TO		DATETIME

		IF(@MONTH IS NULL AND @YEAR IS NULL AND @FROMDATE IS NULL AND @TODATE IS NULL)
		BEGIN
			SET @FROM  = CONVERT(DATETIME, CONVERT(VARCHAR(5),YEAR(GETDATE())) + '-' + CONVERT(VARCHAR(2),MONTH(GETDATE())) + '-' + CONVERT(VARCHAR(2),DAY(GETDATE())) + ' 00:00:000')
			SET @TO	= CONVERT(DATETIME, CONVERT(VARCHAR(5),YEAR(GETDATE())) + '-' + CONVERT(VARCHAR(2),MONTH(GETDATE())) + '-' + CONVERT(VARCHAR(2),DAY(GETDATE())) + ' 23:59:000')
		END
		
		IF(@FROMDATE IS NOT NULL AND @TODATE IS NOT NULL) 
		BEGIN
			SET @FROM	= @FROMDATE
			SET @TO		= @TODATE
		END


		INSERT INTO @TEMPTBL 
		(
			FLDDATE,
			FLDDATETIME,
			FLDDATA,
			FLDROW
		)
		SELECT	T.FLDTRAVELDATE,
				T.FLDTRAVELSTARTTIME,
				('{ "Time":"' 
				+ CONVERT(VARCHAR(5),T.FLDTRAVELSTARTTIME,108) 
				+ '", "Id":"' 
				+ CONVERT(VARCHAR(50),T.FLDSCHEDULETRAVELID)
				+ '", "CarName":"' 
				+ CONVERT(VARCHAR(100),C.FLDCARNAME)
				+ '", "DriverName":"' 
				+ CONVERT(VARCHAR(100),T.FLDDRIVERNAME)
				+ '", "DriverConNo":"' 
				+ CONVERT(VARCHAR(100),T.FLDDRIVERCONTACTNO)
				+ '", "RowNum":"' 
				+ CONVERT(VARCHAR(5),ROW_NUMBER() OVER (PARTITION BY T.FLDTRAVELDATE ORDER BY T.FLDTRAVELSTARTTIME))
				+ '"}') AS TIMEDATA,
				ROW_NUMBER() OVER (PARTITION BY T.FLDTRAVELDATE ORDER BY T.FLDTRAVELSTARTTIME)
		FROM TBLSCHEDULETRAVEL T (NOLOCK) 
				LEFT OUTER JOIN TBLCARS C (NOLOCK)
					ON T.FLDCARID = C.FLDCARID
		WHERE T.FLDTRAVELDATE >= @FROM
		AND T.FLDTRAVELDATE <= @TO
		ORDER BY T.FLDTRAVELSTARTTIME
		 
		
		INSERT INTO @TEMP
		SELECT T.FLDDATE, COUNT(*) [COUNT]
			,STUFF((
				SELECT ',' + [FLDDATA]
				FROM @TEMPTBL T1
				WHERE T1.FLDDATE = T.FLDDATE
				FOR XML PATH(''), TYPE
			).value('.', 'varchar(max)'), 1, 1, '') [FLDDATA]
		FROM @TEMPTBL T
		GROUP BY T.FLDDATE
		
		SELECT FLDDATETIME
				,CONVERT(VARCHAR(11),FLDDATETIME,106) AS FLDDATE
				,FLDCOUNT
				,('[' + FLDDATA + ']') AS FLDDATA 
		FROM @TEMP
		
END
GO
/****** Object:  StoredProcedure [dbo].[PRSCHEDULETRAVELSEARCH]    Script Date: 12/06/2016 21:18:08 ******/
SET ANSI_NULLS ON
GO
SET QUOTED_IDENTIFIER ON
GO
CREATE PROCEDURE [dbo].[PRSCHEDULETRAVELSEARCH]
(
	@PAGENUMBER			INT
	, @PAGESIZE			INT
	, @RESULTCOUNT		INT OUTPUT
	, @TOTALPAGECOUNT	INT OUTPUT
)
AS
BEGIN

	DECLARE @ROWFROM		BIGINT
	DECLARE @ROWTO			BIGINT


	SET @RESULTCOUNT	= (SELECT COUNT(1) 
							FROM TBLSCHEDULETRAVEL T 
								LEFT OUTER JOIN TBLCARS C (NOLOCK)
									ON T.FLDCARID = C.FLDCARID)
	SET @TOTALPAGECOUNT = DBO.FNTOTALPAGECOUNT(@RESULTCOUNT,@PAGESIZE)
	SET @ROWFROM		= DBO.FNROWFROM(@PAGENUMBER,@PAGESIZE)
	SET @ROWTO			= DBO.FNROWTO(@PAGENUMBER,@PAGESIZE)


	SELECT * 
	FROM
	(
		SELECT T.FLDSCHEDULETRAVELID
			,T.FLDTRAVELDATE
			,T.FLDTRAVELSTARTTIME
			,T.FLDFROMLOCATION
			,T.FLDTOLOCATION
			,T.FLDOUTTIME
			,T.FLDINTIME
			,ISNULL(T.FLDISTRAVELCOMPLETED,0) AS FLDISTRAVELCOMPLETED
			,ISNULL(T.FLDISTRAVELCANCELLED,0) AS FLDISTRAVELCANCELLED
			,T.FLDREMARKS
			,T.FLDKMTRAVELLED
			,T.FLDCARID
			,T.FLDDRIVERNAME
			,T.FLDDRIVERCONTACTNO
			,T.FLDCREATEDUSERID
			,T.FLDCREATEDATE
			,T.FLDMODIFIEDUSERID
			,T.FLDMODIFIEDDATE
			,CASE WHEN T.FLDISTRAVELCOMPLETED = 1 THEN 'Completed'
				  WHEN T.FLDISTRAVELCANCELLED = 1 THEN 'Cancelled'
				  ELSE '' END AS FLDSTATUS
			,(C.FLDCARNAME + ' ' + C.FLDCARMODEL) AS FLDCARNAME
			,C.FLDREGISTRATIONNO
			,ROW_NUMBER() OVER(ORDER BY T.FLDSCHEDULETRAVELID DESC) AS FLDROWNUMBER
		FROM TBLSCHEDULETRAVEL T (NOLOCK)
			LEFT OUTER JOIN TBLCARS C (NOLOCK)
			ON T.FLDCARID = C.FLDCARID
	) X
	WHERE X.FLDROWNUMBER BETWEEN @ROWFROM AND @ROWTO
		
END
GO
/****** Object:  StoredProcedure [dbo].[PRSCHEDULETRAVELLIST]    Script Date: 12/06/2016 21:18:08 ******/
SET ANSI_NULLS ON
GO
SET QUOTED_IDENTIFIER ON
GO
CREATE PROCEDURE [dbo].[PRSCHEDULETRAVELLIST]
AS
BEGIN

	SELECT T.FLDSCHEDULETRAVELID
			,T.FLDTRAVELDATE
			,T.FLDTRAVELSTARTTIME
			,T.FLDFROMLOCATION
			,T.FLDTOLOCATION
			,T.FLDOUTTIME
			,T.FLDINTIME
			,ISNULL(T.FLDISTRAVELCOMPLETED,0) AS FLDISTRAVELCOMPLETED
			,ISNULL(T.FLDISTRAVELCANCELLED,0) AS FLDISTRAVELCANCELLED
			,T.FLDREMARKS
			,T.FLDKMTRAVELLED
			,T.FLDCARID
			,T.FLDDRIVERNAME
			,T.FLDDRIVERCONTACTNO
			,T.FLDCREATEDUSERID
			,T.FLDCREATEDATE
			,T.FLDMODIFIEDUSERID
			,T.FLDMODIFIEDDATE
			,CASE WHEN T.FLDISTRAVELCOMPLETED = 1 THEN 'Completed'
				  WHEN T.FLDISTRAVELCANCELLED = 1 THEN 'Cancelled'
				  ELSE '' END AS FLDSTATUS
			,(C.FLDCARNAME + ' ' + C.FLDCARMODEL) AS FLDCARNAME
			,C.FLDREGISTRATIONNO
			,C.FLDCARID
	FROM TBLSCHEDULETRAVEL T (NOLOCK)
		LEFT OUTER JOIN TBLCARS C (NOLOCK)
			ON T.FLDCARID = C.FLDCARID 
	ORDER BY FLDCREATEDATE
		
END
GO
/****** Object:  StoredProcedure [dbo].[PRSCHEDULETRAVEL]    Script Date: 12/06/2016 21:18:08 ******/
SET ANSI_NULLS ON
GO
SET QUOTED_IDENTIFIER ON
GO
CREATE PROCEDURE [dbo].[PRSCHEDULETRAVEL]
(
	@TRAVELDATE			DATETIME,
	@TRAVELSTARTTIME	DATETIME,
	@FROMLOCATION		VARCHAR(100),
	@TOLOCATION			VARCHAR(100),
	@DRIVERNAME			VARCHAR(100),
	@DRIVERCONTACTNO	VARCHAR(100),
	@REMARKS			NVARCHAR(MAX),
	@CARID				UNIQUEIDENTIFIER,
	@USERID				UNIQUEIDENTIFIER
)
AS 
BEGIN
	SET NOCOUNT ON;
	
	
	IF(@DRIVERNAME = '' OR @DRIVERCONTACTNO = '')
	BEGIN		
		RAISERROR('Driver Name and Contact Number is Required.', 16, 1)
		RETURN
	END

	IF EXISTS (
		SELECT	*
		FROM TBLSCHEDULETRAVEL (NOLOCK)
		WHERE FLDCARID = @CARID
		AND (ISNULL(FLDISTRAVELCOMPLETED,0) <> 1
		OR ISNULL(FLDISTRAVELCANCELLED,0) = 1)
		)
	BEGIN		
		RAISERROR('Selected Car Schedule is not yet Completed or Cancelled. Please select some other car', 16, 1)
		RETURN
	END

	INSERT INTO TBLSCHEDULETRAVEL
	(
		FLDSCHEDULETRAVELID,
		FLDTRAVELDATE,
		FLDTRAVELSTARTTIME,
		FLDFROMLOCATION,
		FLDTOLOCATION,
		FLDDRIVERNAME,
		FLDDRIVERCONTACTNO,
		FLDREMARKS,
		FLDCARID,
		FLDCREATEDUSERID,
		FLDCREATEDATE,
		FLDMODIFIEDUSERID,
		FLDMODIFIEDDATE
	)
	VALUES
	(
		NEWID(),
		@TRAVELDATE,
		@TRAVELSTARTTIME,
		@FROMLOCATION,
		@TOLOCATION,
		@DRIVERNAME,
		@DRIVERCONTACTNO,
		@REMARKS,
		@CARID,
		@USERID,
		GETUTCDATE(),
		@USERID,
		GETUTCDATE()
	)


END
GO
/****** Object:  StoredProcedure [dbo].[PRREPORTINSERT]    Script Date: 12/06/2016 21:18:08 ******/
SET ANSI_NULLS ON
GO
SET QUOTED_IDENTIFIER ON
GO
CREATE PROCEDURE [dbo].[PRREPORTINSERT]
(
	@REPORTNAME		VARCHAR(200),
	@REPORTFILENAME	VARCHAR(200),
	@REPORTTYPE		VARCHAR(20),
	@REPORTPATH		VARCHAR(100),
	@REPORTEXT		VARCHAR(10),
	@USERID			UNIQUEIDENTIFIER
)
--WITH ENCRYPTION
AS
BEGIN
	SET NOCOUNT ON;
	
	INSERT INTO TBLREPORTS
	(
		FLDREPORTNAME,
		FLDREPORTFILENAME,
		FLDREPORTTYPE,
		FLDREPORTPATH,
		FLDREPORTEXT,
		FLDCREATEDUSERID,
		FLDCREATEDATE,
		FLDMODIFIEDUSERID,
		FLDMODIFIEDDATE
	)
	VALUES
	(
		@REPORTNAME,
		@REPORTFILENAME,
		@REPORTTYPE,
		@REPORTPATH,
		@REPORTEXT,
		@USERID,
		GETUTCDATE(),
		@USERID,
		GETUTCDATE()
	)
	
END
GO
/****** Object:  StoredProcedure [dbo].[PRMENU]    Script Date: 12/06/2016 21:18:08 ******/
SET ANSI_NULLS ON
GO
SET QUOTED_IDENTIFIER ON
GO
CREATE PROCEDURE [dbo].[PRMENU]
(
	@ROLE	VARCHAR(20)
)
AS
BEGIN

	SELECT FLDMENUID
			,FLDMENUNAME
			,FLDMENUSHORTCODE
			,FLDROLE
			,FLDACTIVEYN
			,FLDURL
			,FLDMODULENAME
			,FLDJSFUNCTION
			,FLDMODULEORDER
			,FLDSCREENORDER
			,FLDCREATEDUSERID
			,FLDCREATEDATE
			,FLDMODIFIEDUSERID
			,FLDMODIFIEDDATE
	FROM TBLMENU (NOLOCK)
	WHERE FLDROLE = @ROLE
	AND FLDACTIVEYN = 1
	ORDER BY FLDMODULEORDER, FLDSCREENORDER

END
GO
/****** Object:  StoredProcedure [dbo].[PRINSERTCAR]    Script Date: 12/06/2016 21:18:08 ******/
SET ANSI_NULLS ON
GO
SET QUOTED_IDENTIFIER ON
GO
CREATE PROCEDURE [dbo].[PRINSERTCAR]
(
	@CARNAME				VARCHAR(100),
	@CARMODEL				VARCHAR(20),
	@CARPASSENGERCAPACITY	INT,
	@REGISTRATIONNO			VARCHAR(100),
	@DESCRIPTION			NVARCHAR(MAX),
	@USERID					UNIQUEIDENTIFIER
)
--WITH ENCRYPTION
AS
BEGIN
	SET NOCOUNT ON;
	
	IF(@REGISTRATIONNO IS NULL OR @REGISTRATIONNO = '')
	BEGIN		
		RAISERROR('Registration Number is Required.', 16, 1)
		RETURN
	END
	

	IF EXISTS (
		SELECT	*
		FROM	TBLCARS (NOLOCK)
		WHERE FLDACTIVEYN = 1
		AND	FLDREGISTRATIONNO = @REGISTRATIONNO
		)
	BEGIN		
		RAISERROR('Same Registration Number Already Exists.', 16, 1)
		RETURN
	END

	INSERT INTO TBLCARS
	(
		FLDCARID,
		FLDCARNAME,
		FLDCARMODEL,
		FLDCARPASSENGERCAPACITY,
		FLDREGISTRATIONNO,
		FLDDESCRIPTION,
		FLDACTIVEYN,	
		FLDCREATEDUSERID,
		FLDCREATEDATE,
		FLDMODIFIEDUSERID,
		FLDMODIFIEDDATE
	)
	VALUES
	(
		NEWID(),
		@CARNAME,
		@CARMODEL,
		@CARPASSENGERCAPACITY,
		@REGISTRATIONNO,
		@DESCRIPTION,
		1,
		@USERID,
		GETUTCDATE(),
		@USERID,
		GETUTCDATE()
	)
	
END
GO
/****** Object:  StoredProcedure [dbo].[PRCARUPDATE]    Script Date: 12/06/2016 21:18:08 ******/
SET ANSI_NULLS ON
GO
SET QUOTED_IDENTIFIER ON
GO
CREATE PROCEDURE [dbo].[PRCARUPDATE]
(
	@CARID					UNIQUEIDENTIFIER,
	@CARNAME				VARCHAR(100),
	@CARMODEL				VARCHAR(20),
	@CARPASSENGERCAPACITY	INT,
	@REGISTRATIONNO			VARCHAR(100),
	@DESCRIPTION			NVARCHAR(MAX),
	@USERID					UNIQUEIDENTIFIER
)
--WITH ENCRYPTION
AS
BEGIN
	SET NOCOUNT ON;
	
	IF(@REGISTRATIONNO IS NULL OR @REGISTRATIONNO = '')
	BEGIN		
		RAISERROR('Registration Number is Required.', 16, 1)
		RETURN
	END
	

	IF EXISTS (
		SELECT	*
		FROM	TBLCARS (NOLOCK)
		WHERE FLDACTIVEYN = 1
		AND	FLDREGISTRATIONNO = @REGISTRATIONNO
		AND FLDCARID <> @CARID
		)
	BEGIN		
		RAISERROR('Same Registration Number Already Exists.', 16, 1)
		RETURN
	END

	UPDATE TBLCARS
	SET FLDCARNAME = @CARNAME,
		FLDCARMODEL = @CARMODEL,
		FLDCARPASSENGERCAPACITY = @CARPASSENGERCAPACITY,
		FLDREGISTRATIONNO = @REGISTRATIONNO,
		FLDDESCRIPTION = @DESCRIPTION,
		FLDMODIFIEDUSERID = @USERID,
		FLDMODIFIEDDATE = GETDATE()
	WHERE FLDCARID = @CARID
	
END
GO
/****** Object:  StoredProcedure [dbo].[PRCARSEARCH]    Script Date: 12/06/2016 21:18:08 ******/
SET ANSI_NULLS ON
GO
SET QUOTED_IDENTIFIER ON
GO
CREATE PROCEDURE [dbo].[PRCARSEARCH]
(
	@PAGENUMBER			INT
	, @PAGESIZE			INT
	, @RESULTCOUNT		INT OUTPUT
	, @TOTALPAGECOUNT	INT OUTPUT
)
AS
BEGIN

	DECLARE @ROWFROM		BIGINT
	DECLARE @ROWTO			BIGINT


	SET @RESULTCOUNT	= (SELECT COUNT(1) FROM TBLCARS (NOLOCK))
	SET @TOTALPAGECOUNT = DBO.FNTOTALPAGECOUNT(@RESULTCOUNT,@PAGESIZE)
	SET @ROWFROM		= DBO.FNROWFROM(@PAGENUMBER,@PAGESIZE)
	SET @ROWTO			= DBO.FNROWTO(@PAGENUMBER,@PAGESIZE)


	SELECT * 
	FROM
	(
		SELECT FLDCARID
				,FLDCARNAME
				,FLDCARMODEL
				,(FLDCARNAME + ' ' + FLDCARMODEL) AS FLDNAME
				,FLDCARPASSENGERCAPACITY
				,FLDREGISTRATIONNO
				,FLDDESCRIPTION
				,FLDACTIVEYN
				,FLDCREATEDUSERID
				,FLDCREATEDATE
				,FLDMODIFIEDUSERID
				,FLDMODIFIEDDATE
				,ROW_NUMBER() OVER(ORDER BY FLDCARID) AS FLDROWNUMBER
		FROM TBLCARS (NOLOCK)
	) T
	WHERE T.FLDROWNUMBER BETWEEN @ROWFROM AND @ROWTO
		
END
GO
/****** Object:  StoredProcedure [dbo].[PRCARLIST]    Script Date: 12/06/2016 21:18:08 ******/
SET ANSI_NULLS ON
GO
SET QUOTED_IDENTIFIER ON
GO
CREATE PROCEDURE [dbo].[PRCARLIST]
AS
BEGIN

	SELECT FLDCARID
			,FLDCARNAME
			,FLDCARMODEL
			,(FLDCARNAME + ' ' + FLDCARMODEL) AS FLDNAME
			,FLDCARPASSENGERCAPACITY
			,FLDREGISTRATIONNO
			,FLDDESCRIPTION
			,FLDACTIVEYN
			,FLDCREATEDUSERID
			,FLDCREATEDATE
			,FLDMODIFIEDUSERID
			,FLDMODIFIEDDATE
	FROM TBLCARS (NOLOCK)
	ORDER BY FLDCARNAME
		
END
GO
/****** Object:  StoredProcedure [dbo].[PRCAREDIT]    Script Date: 12/06/2016 21:18:08 ******/
SET ANSI_NULLS ON
GO
SET QUOTED_IDENTIFIER ON
GO
CREATE PROCEDURE [dbo].[PRCAREDIT]
(
	@CARID	UNIQUEIDENTIFIER
)
AS
BEGIN

	SELECT FLDCARID
			,FLDCARNAME
			,FLDCARMODEL
			,(FLDCARNAME + ' ' + FLDCARMODEL) AS FLDNAME
			,FLDCARPASSENGERCAPACITY
			,FLDREGISTRATIONNO
			,FLDDESCRIPTION
			,FLDACTIVEYN
			,FLDCREATEDUSERID
			,FLDCREATEDATE
			,FLDMODIFIEDUSERID
			,FLDMODIFIEDDATE
	FROM TBLCARS (NOLOCK)
	WHERE FLDCARID = @CARID
		
END
GO
/****** Object:  StoredProcedure [dbo].[PRAVAILABLECARLIST]    Script Date: 12/06/2016 21:18:08 ******/
SET ANSI_NULLS ON
GO
SET QUOTED_IDENTIFIER ON
GO
CREATE PROCEDURE [dbo].[PRAVAILABLECARLIST]
AS
BEGIN

	
	WITH CTE AS
	(
		SELECT FLDCARID
		FROM TBLSCHEDULETRAVEL (NOLOCK)
		WHERE (ISNULL(FLDISTRAVELCOMPLETED,0) <> 1
		OR ISNULL(FLDISTRAVELCANCELLED,0) = 1)
	)
	
	SELECT FLDCARID
			,FLDCARNAME
			,FLDCARMODEL
			,FLDCARPASSENGERCAPACITY
			,FLDDESCRIPTION
			,FLDACTIVEYN
			,(FLDCARNAME + ' ' + FLDCARMODEL) AS FLDNAME
			,FLDREGISTRATIONNO
			,FLDCREATEDUSERID
			,FLDCREATEDATE
			,FLDMODIFIEDUSERID
			,FLDMODIFIEDDATE
	FROM TBLCARS (NOLOCK)
	WHERE FLDCARID NOT IN (SELECT FLDCARID FROM CTE)
		
		
END
GO
